Workbook

Sheet Danh_Muc_60_Ca_Kiem_Thu
A1: DANH MỤC 60 CA KIỂM THỬ CHỨC NĂNG - HỆ THỐNG BẢN ĐỒ SỐ DU LỊCH ẨM THỰC VÙNG MIỀN (ĐT-11)
A2: Học phần: CSE703073 - Lập trình ứng dụng web trong du lịch 2 | Quy chuẩn Phụ lục PL-I (Đủ 13 trường đặc tả)
A4: Mã ca (ID) | B4: Mô-đun | C4: Loại kịch bản | D4: Mục tiêu kiểm thử | E4: Tiền điều kiện | F4: Dữ liệu đầu vào | G4: Các bước thực hiện | H4: Kết quả mong đợi | I4: Kết quả thực tế | J4: Trạng thái | K4: Mức nghiêm trọng | L4: Người thực hiện & VT | M4: Ghi chú / Môi trường
A5: TC-AUTH-001 | B5: AUTH | C5: Luồng thuận | D5: Kiểm chứng đăng ký tài khoản khách hàng mới thành công | E5: Đã mở trang đăng ký; chưa đăng nhập | F5: Email: khach01@demo.test, Mật khẩu: MatKhau!123, Họ tên: Nguyễn Văn A | G5: 1. Nhập họ tên, email, sđt, mật khẩu hợp lệ 2. Bấm nút 'Đăng ký' | H5: Tạo tài khoản thành công, mật khẩu băm Argon2id trong CSDL, tự động đăng nhập và chuyển hướng về Trang chủ | I5: Tài khoản được tạo thành công, chuỗi mật khẩu băm $argon2id$ trong CSDL | J5: Đạt | K5: Cao | L5: V5 - Kiểm thử | M5: Kiểm thử trực tuyến / Local
A6: TC-AUTH-002 | B6: AUTH | C6: Luồng thuận | D6: Kiểm chứng đăng nhập thành công với tài khoản hợp lệ | E6: Tài khoản khach01@demo.test đã tồn tại trong CSDL | F6: Email: khach01@demo.test, Mật khẩu: MatKhau!123 | G6: 1. Mở trang /dang-nhap 2. Nhập email và mật khẩu đúng 3. Bấm 'Đăng nhập' | H6: Đăng nhập thành công, tạo phiên làm việc (session), hiển thị tên 'Nguyễn Văn A' trên thanh điều hướng | I6: Đăng nhập thành công, cookie session được khởi tạo với cờ HttpOnly, SameSite=Lax | J6: Đạt | K6: Rất cao | L6: V5 - Kiểm thử | M6: Kiểm thử trực tuyến / Local
A7: TC-AUTH-003 | B7: AUTH | C7: Luồng thuận | D7: Kiểm chứng chức năng đăng xuất và hủy phiên làm việc | E7: Người dùng đang trong trạng thái đã đăng nhập | F7: Hành động: Bấm nút 'Đăng xuất' | G7: 1. Bấm nút 'Đăng xuất' trên header 2. Bấm nút Quay lại (Back) của trình duyệt | H7: Phiên làm việc bị hủy hoàn toàn, token CSRF được sinh mới, bấm Back không thể xem lại trang cá nhân | I7: Hủy phiên thành công, trình duyệt chuyển về trang chủ, bấm Back bị yêu cầu đăng nhập lại | J7: Đạt | K7: Cao | L7: V5 - Kiểm thử | M7: Kiểm thử trực tuyến / Local
A8: TC-AUTH-004 | B8: AUTH | C8: Luồng ngoại lệ | D8: Kiểm chứng khóa tạm thời tài khoản khi đăng nhập sai quá 5 lần | E8: Tài khoản khach01@demo.test hoạt động bình thường | F8: Email: khach01@demo.test, Mật khẩu sai: SaiMatKhau123 (thử 5 lần) | G8: 1. Nhập mật khẩu sai và bấm 'Đăng nhập' 5 lần liên tiếp | H8: Hệ thống kích hoạt cơ chế Rate Limiting, khóa tạm thời tài khoản 15 phút, trả về thông báo lỗi 429 | I8: Trả về lỗi 'Bạn đã thử quá số lần cho phép. Vui lòng thử lại sau 15 phút.' | J8: Đạt | K8: Cao | L8: V5 - Kiểm thử | M8: Kiểm thử trực tuyến / Local
A9: TC-AUTH-005 | B9: AUTH | C9: Luồng ngoại lệ | D9: Kiểm chứng từ chối đăng ký với Email đã tồn tại | E9: Email admin@demo.test đã tồn tại trong CSDL | F9: Email: admin@demo.test, Mật khẩu: MatKhau!123 | G9: 1. Nhập email admin@demo.test vào form đăng ký 2. Bấm 'Đăng ký' | H9: Hệ thống từ chối, hiển thị thông báo lỗi 'Email này đã được sử dụng' dưới ô nhập liệu | I9: Hiển thị thông báo lỗi chính xác, không phát sinh bản ghi trùng lặp trong CSDL | J9: Đạt | K9: Trung bình | L9: V5 - Kiểm thử | M9: Kiểm thử trực tuyến / Local
A10: TC-AUTH-006 | B10: AUTH | C10: Luồng ngoại lệ | D10: Kiểm chứng hủy toàn bộ phiên trên thiết bị khác khi đổi mật khẩu | E10: Tài khoản đang đăng nhập đồng thời trên Trình duyệt A (Chrome) và Trình duyệt B (Firefox) | F10: Mật khẩu cũ: MatKhau!123, Mật khẩu mới: MatKhauMoi!456 | G10: 1. Đổi mật khẩu tại Trình duyệt A 2. Tải lại trang tại Trình duyệt B | H10: Trình duyệt B bị đăng xuất tự động do toàn bộ session cũ bị thu hồi trong CSDL (`logoutOtherDevices`) | I10: Trình duyệt B bị đẩy về trang đăng nhập với thông báo phiên hết hạn | J10: Đạt | K10: Rất cao | L10: V5 - Kiểm thử | M10: Kiểm thử trực tuyến / Local
A11: TC-AUTH-007 | B11: AUTH | C11: Luồng ngoại lệ | D11: Kiểm chứng từ chối đăng nhập với tài khoản bị khóa (`status=locked`) | E11: Tài khoản khach_khoa@demo.test có `status = locked` trong CSDL | F11: Email: khach_khoa@demo.test, Mật khẩu: MatKhau!123 | G11: 1. Nhập thông tin tài khoản bị khóa 2. Bấm 'Đăng nhập' | H11: Hệ thống từ chối đăng nhập, hiển thị thông báo 'Tài khoản của bạn đã bị khóa. Vui lòng liên hệ quản trị viên.' | I11: Từ chối đăng nhập thành công, không tạo session | J11: Đạt | K11: Cao | L11: V5 - Kiểm thử | M11: Kiểm thử trực tuyến / Local
A12: TC-AUTH-008 | B12: AUTH | C12: Giá trị biên | D12: Kiểm chứng đăng ký tài khoản với Email độ dài cực đại (180 ký tự) | E12: Đang ở trang đăng ký | F12: Email chuỗi 180 ký tự hợp lệ dạng name_length_180@domain.test | G12: 1. Nhập email dài đúng 180 ký tự 2. Bấm 'Đăng ký' | H12: Hệ thống tiếp nhận hợp lệ, lưu trữ không bị cắt xén dữ liệu trong cột `users.email` | I12: Đăng ký thành công, CSDL lưu đủ 180 ký tự | J12: Đạt | K12: Trung bình | L12: V5 - Kiểm thử | M12: Kiểm thử trực tuyến / Local
A13: TC-AUTH-009 | B13: AUTH | C13: Giá trị biên | D13: Kiểm chứng mật khẩu chứa ký tự UTF-8 unicode và emoji | E13: Đang ở trang đăng ký | F13: Mật khẩu: NganNgonẨmThực2026!🌶️🍲 | G13: 1. Nhập mật khẩu chứa tiếng Việt có dấu và emoji 2. Đăng ký và đăng nhập lại | H13: Thuật toán Argon2id/Bcrypt mã hóa chính xác, đăng nhập thành công với đúng chuỗi mật khẩu này | I13: Mã hóa và xác thực chính xác 100% | J13: Đạt | K13: Trung bình | L13: V5 - Kiểm thử | M13: Kiểm thử trực tuyến / Local
A14: TC-PERM-001 | B14: PERM | C14: Luồng thuận | D14: Kiểm chứng Quản trị viên (`admin`) truy cập đầy đủ trang Quản trị | E14: Đã đăng nhập tài khoản vai trò `admin` | F14: URL: /admin/dashboard, /admin/co-so, /admin/mon-an | G14: 1. Truy cập các đường dẫn quản trị hệ thống | H14: Cho phép truy cập, hiển thị đầy đủ giao diện Bảng điều khiển và các chức năng quản lý | I14: Truy cập thành công, HTTP Status 200 OK | J14: Đạt | K14: Rất cao | L14: V5 - Kiểm thử | M14: Kiểm thử trực tuyến / Local
A15: TC-PERM-002 | B15: PERM | C15: Luồng thuận | D15: Kiểm chứng Cơ sở ẩm thực (`supplier`) chỉ quản lý dữ liệu của chính mình | E15: Đã đăng nhập tài khoản Nhà cung cấp A (`supplier1`) | F15: URL: /nha-cung-cap/mon-an | G15: 1. Vào trang danh sách món ăn của nhà cung cấp 2. Kiểm tra danh sách hiển thị | H15: Chỉ hiển thị các món ăn có `supplier_id` thuộc về Nhà cung cấp A, không thấy món của nhà cung cấp khác | I15: Dữ liệu được lọc chính xác theo phạm vi tài khoản | J15: Đạt | K15: Rất cao | L15: V5 - Kiểm thử | M15: Kiểm thử trực tuyến / Local
... A64: TC-VALD-003 | B64: VALD | C64: Giá trị biên | D64: Kiểm chứng gửi Request JSON rỗng (`{}`) tới API tạo đơn đặt hàng | E64: API `/api/v1/bookings` | F64: Body: `{}` (JSON rỗng) | G64: 1. Dùng Postman gửi request body rỗng tới API tạo đơn | H64: API trả về HTTP 422 Unprocessable Entity kèm cấu trúc JSON liệt kê đủ lỗi validation cho toàn bộ các trường thiếu | I64: Trả về chi tiết danh sách lỗi 422 JSON chuẩn OpenAPI | J64: Đạt | K64: Cao | L64: V5 - Kiểm thử | M64: Kiểm thử trực tuyến / Local

Sheet Thong_Ke_Phan_Bo
A1: MA TRẬN THỐNG KÊ PHÂN BỔ 60 CA KIỂM THỬ THEO MÔ-ĐUN VÀ LOẠI KỊCH BẢN
A2: Căn cứ Ngưỡng Quy định Mục 11.1 - Tài liệu kỹ thuật CSE703073 (Đúng 60 ca, bao phủ 9 mô-đun & 3 kịch bản)
A4: Mã Mô-đun | B4: Tên Mô-đun Hệ thống | C4: Luồng thuận (Positive) | D4: Luồng ngoại lệ (Negative) | E4: Giá trị biên (Boundary) | F4: Tổng số ca
A5: AUTH | B5: Xác thực và quản lý phiên (Authentication & Session) | C5: =COUNTIFS(Danh_Muc_60_Ca_Kiem_Thu!$B$5:$B$64, "AUTH", Danh_Muc_60_Ca_Kiem_Thu!$C$5:$C$64, "Luồng thuận") | D5: =COUNTIFS(Danh_Muc_60_Ca_Kiem_Thu!$B$5:$B$64, "AUTH", Danh_Muc_60_Ca_Kiem_Thu!$C$5:$C$64, "Luồng ngoại lệ") | E5: =COUNTIFS(Danh_Muc_60_Ca_Kiem_Thu!$B$5:$B$64, "AUTH", Danh_Muc_60_Ca_Kiem_Thu!$C$5:$C$64, "Giá trị biên") | F5: =SUM(C5:E5)
A6: PERM | B6: Phân quyền theo vai trò (Role-Based Access Control) | C6: =COUNTIFS(Danh_Muc_60_Ca_Kiem_Thu!$B$5:$B$64, "PERM", Danh_Muc_60_Ca_Kiem_Thu!$C$5:$C$64, "Luồng thuận") | D6: =COUNTIFS(Danh_Muc_60_Ca_Kiem_Thu!$B$5:$B$64, "PERM", Danh_Muc_60_Ca_Kiem_Thu!$C$5:$C$64, "Luồng ngoại lệ") | E6: =COUNTIFS(Danh_Muc_60_Ca_Kiem_Thu!$B$5:$B$64, "PERM", Danh_Muc_60_Ca_Kiem_Thu!$C$5:$C$64, "Giá trị biên") | F6: =SUM(C6:E6)
A7: CATL | B7: Danh mục, tìm kiếm, lọc, phân trang (Catalog & Search) | C7: =COUNTIFS(Danh_Muc_60_Ca_Kiem_Thu!$B$5:$B$64, "CATL", Danh_Muc_60_Ca_Kiem_Thu!$C$5:$C$64, "Luồng thuận") | D7: =COUNTIFS(Danh_Muc_60_Ca_Kiem_Thu!$B$5:$B$64, "CATL", Danh_Muc_60_Ca_Kiem_Thu!$C$5:$C$64, "Luồng ngoại lệ") | E7: =COUNTIFS(Danh_Muc_60_Ca_Kiem_Thu!$B$5:$B$64, "CATL", Danh_Muc_60_Ca_Kiem_Thu!$C$5:$C$64, "Giá trị biên") | F7: =SUM(C7:E7)
A8: BOOK | B8: Đặt chỗ / Địa điểm và giữ chỗ có thời hạn (Booking & Hold) | C8: =COUNTIFS(Danh_Muc_60_Ca_Kiem_Thu!$B$5:$B$64, "BOOK", Danh_Muc_60_Ca_Kiem_Thu!$C$5:$C$64, "Luồng thuận") | D8: =COUNTIFS(Danh_Muc_60_Ca_Kiem_Thu!$B$5:$B$64, "BOOK", Danh_Muc_60_Ca_Kiem_Thu!$C$5:$C$64, "Luồng ngoại lệ") | E8: =COUNTIFS(Danh_Muc_60_Ca_Kiem_Thu!$B$5:$B$64, "BOOK", Danh_Muc_60_Ca_Kiem_Thu!$C$5:$C$64, "Giá trị biên") | F8: =SUM(C8:E8)
A9: PAY | B9: Thanh toán chế độ thử nghiệm (Sandbox Payment) | C9: =COUNTIFS(Danh_Muc_60_Ca_Kiem_Thu!$B$5:$B$64, "PAY", Danh_Muc_60_Ca_Kiem_Thu!$C$5:$C$64, "Luồng thuận") | D9: =COUNTIFS(Danh_Muc_60_Ca_Kiem_Thu!$B$5:$B$64, "PAY", Danh_Muc_60_Ca_Kiem_Thu!$C$5:$C$64, "Luồng ngoại lệ") | E9: =COUNTIFS(Danh_Muc_60_Ca_Kiem_Thu!$B$5:$B$64, "PAY", Danh_Muc_60_Ca_Kiem_Thu!$C$5:$C$64, "Giá trị biên") | F9: =SUM(C9:E9)
A10: ORDR | B10: Quản lý đơn, hủy và hoàn tiền (Order & State Machine) | C10: =COUNTIFS(Danh_Muc_60_Ca_Kiem_Thu!$B$5:$B$64, "ORDR", Danh_Muc_60_Ca_Kiem_Thu!$C$5:$C$64, "Luồng thuận") | D10: =COUNTIFS(Danh_Muc_60_Ca_Kiem_Thu!$B$5:$B$64, "ORDR", Danh_Muc_60_Ca_Kiem_Thu!$C$5:$C$64, "Luồng ngoại lệ") | E10: =COUNTIFS(Danh_Muc_60_Ca_Kiem_Thu!$B$5:$B$64, "ORDR", Danh_Muc_60_Ca_Kiem_Thu!$C$5:$C$64, "Giá trị biên") | F10: =SUM(C10:E10)
A11: ADMN | B11: Quản trị, báo cáo, kết xuất (Admin Dashboard & Export) | C11: =COUNTIFS(Danh_Muc_60_Ca_Kiem_Thu!$B$5:$B$64, "ADMN", Danh_Muc_60_Ca_Kiem_Thu!$C$5:$C$64, "Luồng thuận") | D11: =COUNTIFS(Danh_Muc_60_Ca_Kiem_Thu!$B$5:$B$64, "ADMN", Danh_Muc_60_Ca_Kiem_Thu!$C$5:$C$64, "Luồng ngoại lệ") | E11: =COUNTIFS(Danh_Muc_60_Ca_Kiem_Thu!$B$5:$B$64, "ADMN", Danh_Muc_60_Ca_Kiem_Thu!$C$5:$C$64, "Giá trị biên") | F11: =SUM(C11:E11)
A12: PYMD | B12: Mô-đun Python: gợi ý & thống kê (Python Service / FastAPI) | C12: =COUNTIFS(Danh_Muc_60_Ca_Kiem_Thu!$B$5:$B$64, "PYMD", Danh_Muc_60_Ca_Kiem_Thu!$C$5:$C$64, "Luồng thuận") | D12: =COUNTIFS(Danh_Muc_60_Ca_Kiem_Thu!$B$5:$B$64, "PYMD", Danh_Muc_60_Ca_Kiem_Thu!$C$5:$C$64, "Luồng ngoại lệ") | E12: =COUNTIFS(Danh_Muc_60_Ca_Kiem_Thu!$B$5:$B$64, "PYMD", Danh_Muc_60_Ca_Kiem_Thu!$C$5:$C$64, "Giá trị biên") | F12: =SUM(C12:E12)
A13: VALD | B13: Kiểm tra tính hợp lệ dữ liệu đầu vào (Form Validation) | C13: =COUNTIFS(Danh_Muc_60_Ca_Kiem_Thu!$B$5:$B$64, "VALD", Danh_Muc_60_Ca_Kiem_Thu!$C$5:$C$64, "Luồng thuận") | D13: =COUNTIFS(Danh_Muc_60_Ca_Kiem_Thu!$B$5:$B$64, "VALD", Danh_Muc_60_Ca_Kiem_Thu!$C$5:$C$64, "Luồng ngoại lệ") | E13: =COUNTIFS(Danh_Muc_60_Ca_Kiem_Thu!$B$5:$B$64, "VALD", Danh_Muc_60_Ca_Kiem_Thu!$C$5:$C$64, "Giá trị biên") | F13: =SUM(C13:E13)
A14: TỔNG CỘNG | C14: =SUM(C5:C13) | D14: =SUM(D5:D13) | E14: =SUM(E5:E13) | F14: =SUM(F5:F13)
A16: KIỂM TRA CÁC NGƯỠNG BẮT BUỘC THEO ĐỀ THI & SỔ TAY THỰC HÀNH
A17: Tổng số ca kiểm thử: | B17: =F14 | C17: Đúng 60 ca bắt buộc | D17: =IF(F14=60, "✅ ĐẠT", "❌ CHƯA ĐẠT")
A18: Số ca phân quyền (PERM): | B18: =F6 | C18: Tối thiểu 5 ca | D18: =IF(F6>=5, "✅ ĐẠT", "❌ CHƯA ĐẠT")
A19: Số ca hợp lệ dữ liệu (VALD+): | B19: =D13+E13+D5+E5 | C19: Tối thiểu 5 ca | D19: =IF((D13+E13+D5+E5)>=5, "✅ ĐẠT", "❌ CHƯA ĐẠT")
A20: Bao phủ luồng ngoại lệ + biên: | B20: =D14+E14 | C20: Bắt buộc có ca ngoại lệ/biên | D20: =IF((D14+E14)>0, "✅ ĐẠT", "❌ CHƯA ĐẠT")
