Workbook

Sheet Danh_Muc_60_Ca_Kiem_Thu
A1: DANH MỤC 60 CA KIỂM THỬ TÍCH HỢP HỆ THỐNG - BẢN ĐỒ SỐ DU LỊCH ẨM THỰC VÙNG MIỀN (ĐT-11)
A2: Đã đối chiếu & tích hợp dữ liệu từ V1 (Kiến trúc Git), V2 (12 Bảng CSDL), V3 (Hợp đồng API v0.1) & V4 (Wireframes 3 trang) | V5 phụ trách
A4: Mã ca (ID) | B4: Mô-đun | C4: Endpoint API (V3) | D4: Bảng CSDL (V2) | E4: Giao diện UI (V4) | F4: Loại kịch bản | G4: Mục tiêu kiểm thử | H4: Tiền điều kiện | I4: Dữ liệu đầu vào | J4: Các bước thực hiện | K4: Kết quả mong đợi | L4: Kết quả thực tế | M4: Trạng thái | N4: Mức nghiêm trọng | O4: Người thực hiện & VT
A5: TC-AUTH-001 | B5: AUTH | C5: POST /api/v1/auth/register | D5: nguoi_dung | E5: Trang Đăng ký | F5: Luồng thuận | G5: Kiểm chứng đăng ký tài khoản khách hàng mới thành công | H5: Đã mở trang đăng ký; chưa đăng nhập | I5: Email: khach01@demo.test, Mật khẩu: MatKhau!123, Họ tên: Nguyễn Văn A | J5: 1. Nhập họ tên, email, sđt, mật khẩu hợp lệ 2. Bấm nút 'Đăng ký' | K5: Tạo tài khoản thành công, mật khẩu băm Argon2id trong CSDL, tự động đăng nhập và chuyển về Trang chủ | L5: Tài khoản được tạo thành công, chuỗi mật khẩu băm $argon2id$ trong CSDL | M5: Đạt | N5: Cao | O5: V5 - Kiểm thử
A6: TC-AUTH-002 | B6: AUTH | C6: POST /api/v1/auth/login | D6: nguoi_dung | E6: Trang Đăng nhập | F6: Luồng thuận | G6: Kiểm chứng đăng nhập thành công với tài khoản hợp lệ | H6: Tài khoản khach01@demo.test đã tồn tại trong CSDL | I6: Email: khach01@demo.test, Mật khẩu: MatKhau!123 | J6: 1. Mở trang /dang-nhap 2. Nhập email và mật khẩu đúng 3. Bấm 'Đăng nhập' | K6: Đăng nhập thành công, tạo phiên làm việc (session), hiển thị tên trên thanh điều hướng | L6: Đăng nhập thành công, cookie session khởi tạo với cờ HttpOnly, SameSite=Lax | M6: Đạt | N6: Rất cao | O6: V5 - Kiểm thử
A7: TC-AUTH-003 | B7: AUTH | C7: POST /api/v1/auth/logout | D7: nguoi_dung | E7: Header Navbar | F7: Luồng thuận | G7: Kiểm chứng chức năng đăng xuất và hủy phiên làm việc | H7: Người dùng đang trong trạng thái đã đăng nhập | I7: Hành động: Bấm nút 'Đăng xuất' | J7: 1. Bấm 'Đăng xuất' trên header 2. Bấm Quay lại (Back) trên trình duyệt | K7: Phiên làm việc bị hủy hoàn toàn, token CSRF được sinh mới, bấm Back không thể xem trang cá nhân | L7: Hủy phiên thành công, trình duyệt chuyển về trang chủ, bấm Back bị yêu cầu đăng nhập lại | M7: Đạt | N7: Cao | O7: V5 - Kiểm thử
A8: TC-AUTH-004 | B8: AUTH | C8: POST /api/v1/auth/login | D8: nguoi_dung | E8: Trang Đăng nhập | F8: Luồng ngoại lệ | G8: Kiểm chứng khóa tạm thời tài khoản khi đăng nhập sai quá 5 lần | H8: Tài khoản khach01@demo.test hoạt động bình thường | I8: Email: khach01@demo.test, Mật khẩu sai: SaiMatKhau123 (5 lần) | J8: 1. Nhập mật khẩu sai và bấm 'Đăng nhập' 5 lần liên tiếp | K8: Hệ thống kích hoạt Rate Limiting, khóa tạm thời tài khoản 15 phút, trả về HTTP Status 429 | L8: Trả về lỗi 'Bạn đã thử quá số lần cho phép. Vui lòng thử lại sau 15 phút.' | M8: Đạt | N8: Cao | O8: V5 - Kiểm thử
A9: TC-AUTH-005 | B9: AUTH | C9: POST /api/v1/auth/register | D9: nguoi_dung | E9: Trang Đăng ký | F9: Luồng ngoại lệ | G9: Kiểm chứng từ chối đăng ký với Email đã tồn tại | H9: Email admin@demo.test đã tồn tại trong CSDL | I9: Email: admin@demo.test, Mật khẩu: MatKhau!123 | J9: 1. Nhập email admin@demo.test vào form đăng ký 2. Bấm 'Đăng ký' | K9: Hệ thống từ chối, hiển thị thông báo lỗi 'Email này đã được sử dụng' dưới ô nhập liệu | L9: Hiển thị thông báo lỗi chính xác, không phát sinh bản ghi trùng lặp trong CSDL | M9: Đạt | N9: Trung bình | O9: V5 - Kiểm thử
A10: TC-AUTH-006 | B10: AUTH | C10: POST /api/v1/auth/change-password | D10: nguoi_dung | E10: Trang Đổi mật khẩu | F10: Luồng ngoại lệ | G10: Kiểm chứng hủy toàn bộ phiên trên thiết bị khác khi đổi mật khẩu | H10: Đang đăng nhập trên Trình duyệt A (Chrome) và B (Firefox) | I10: Mật khẩu cũ: MatKhau!123, Mật khẩu mới: MatKhauMoi!456 | J10: 1. Đổi mật khẩu tại Trình duyệt A 2. Tải lại trang tại Trình duyệt B | K10: Trình duyệt B bị đăng xuất tự động do session bị thu hồi trong CSDL (logoutOtherDevices) | L10: Trình duyệt B bị đẩy về trang đăng nhập với thông báo phiên hết hạn | M10: Đạt | N10: Rất cao | O10: V5 - Kiểm thử
A11: TC-AUTH-007 | B11: AUTH | C11: POST /api/v1/auth/login | D11: nguoi_dung | E11: Trang Đăng nhập | F11: Luồng ngoại lệ | G11: Kiểm chứng từ chối đăng nhập với tài khoản bị khóa (status=locked) | H11: Tài khoản khach_khoa@demo.test có status = locked | I11: Email: khach_khoa@demo.test, Mật khẩu: MatKhau!123 | J11: 1. Nhập thông tin tài khoản bị khóa 2. Bấm 'Đăng nhập' | K11: Từ chối đăng nhập, hiển thị thông báo 'Tài khoản của bạn đã bị khóa. Vui lòng liên hệ quản trị viên.' | L11: Từ chối đăng nhập thành công, không tạo session | M11: Đạt | N11: Cao | O11: V5 - Kiểm thử
A12: TC-AUTH-008 | B12: AUTH | C12: POST /api/v1/auth/register | D12: nguoi_dung | E12: Trang Đăng ký | F12: Giá trị biên | G12: Kiểm chứng đăng ký tài khoản với Email độ dài cực đại (180 ký tự) | H12: Đang ở trang đăng ký | I12: Email chuỗi 180 ký tự hợp lệ dạng name_180chars@domain.test | J12: 1. Nhập email dài đúng 180 ký tự 2. Bấm 'Đăng ký' | K12: Hệ thống tiếp nhận hợp lệ, lưu trữ không bị cắt xén dữ liệu trong cột nguoi_dung.email | L12: Đăng ký thành công, CSDL lưu đủ 180 ký tự | M12: Đạt | N12: Trung bình | O12: V5 - Kiểm thử
A13: TC-AUTH-009 | B13: AUTH | C13: POST /api/v1/auth/register | D13: nguoi_dung | E13: Trang Đăng ký | F13: Giá trị biên | G13: Kiểm chứng độ dài mật khẩu tối thiểu (đúng 8 ký tự) | H13: Đang ở trang đăng ký | I13: Mật khẩu: Pass!123 (đúng 8 ký tự) | J13: 1. Nhập mật khẩu đúng 8 ký tự gồm chữ hoa, thường, số, ký tự đặc biệt | K13: Hệ thống chấp nhận mật khẩu 8 ký tự, tạo tài khoản thành công | L13: Đăng ký thành công, mật khẩu băm lưu an toàn | M13: Đạt | N13: Trung bình | O13: V5 - Kiểm thử
A14: TC-PERM-001 | B14: PERM | C14: GET /api/v1/admin/dashboard | D14: nguoi_dung | E14: Trang Admin /admin | F14: Luồng thuận | G14: Kiểm chứng tài khoản vai trò Admin (status=admin) truy cập Dashboard thành công | H14: Đã đăng nhập vai trò Admin | I14: Phiên đăng nhập Admin hợp lệ | J14: 1. Truy cập URL /admin 2. Xem giao diện quản trị | K14: Hệ thống cho phép truy cập, hiển thị đầy đủ biểu đồ và số liệu quản trị | L14: Cho phép truy cập, hiển thị giao diện Admin chuẩn | M14: Đạt | N14: Rất cao | O14: V5 - Kiểm thử
A15: TC-PERM-002 | B15: PERM | C15: GET /api/v1/customer/profile | D15: nguoi_dung | E15: Trang Cá nhân | F15: Luồng thuận | G15: Kiểm chứng Khách hàng xem thông tin cá nhân của chính mình | H15: Đã đăng nhập vai trò Customer | I15: Phiên đăng nhập Customer hợp lệ | J15: 1. Mở trang /profile 2. Xem thông tin cá nhân | K15: Hiển thị chính xác thông tin profile của tài khoản đang đăng nhập | L15: Hiển thị đúng thông tin cá nhân | M15: Đạt | N15: Cao | O15: V5 - Kiểm thử
... A64: TC-VALD-003 | B64: VALD | C64: POST /api/v1/dishes/1/reviews | D64: danh_gia | E64: Trang Chi tiết món ăn | F64: Giá trị biên | G64: Kiểm chứng giới hạn độ dài nội dung Bình luận/Đánh giá (tối đa 1000 ký tự) | H64: Đang ở form bình luận món ăn | I64: Chuỗi văn bản dài đúng 1000 ký tự | J64: 1. Nhập bình luận 1000 ký tự 2. Bấm Gửi đánh giá | K64: Lưu trữ thành công đủ 1000 ký tự vào danh_gia.noi_dung | L64: Lưu đủ 1000 ký tự, hiển thị giao diện đẹp | M64: Đạt | N64: Trung bình | O64: V5 - Kiểm thử

Sheet Thong_Ke_Phan_Bo
A1: MA TRẬN THỐNG KÊ PHÂN BỔ 60 CA KIỂM THỬ THEO MÔ-ĐUN VÀ LOẠI KỊCH BẢN
A2: Công thức tự động tính toán từ Sheet 'Danh_Muc_60_Ca_Kiem_Thu' | Phủ đủ 9 Mô-đun tiêu chuẩn
A4: Mã mô-đun | B4: Tên mô-đun hệ thống | C4: Luồng thuận (Positive) | D4: Luồng ngoại lệ (Negative) | E4: Giá trị biên (Boundary) | F4: Tổng số ca
A5: AUTH | B5: Xác thực và quản lý phiên | C5: =COUNTIFS(Danh_Muc_60_Ca_Kiem_Thu!$B$5:$B$64, A5, Danh_Muc_60_Ca_Kiem_Thu!$F$5:$F$64, "Luồng thuận") | D5: =COUNTIFS(Danh_Muc_60_Ca_Kiem_Thu!$B$5:$B$64, A5, Danh_Muc_60_Ca_Kiem_Thu!$F$5:$F$64, "Luồng ngoại lệ") | E5: =COUNTIFS(Danh_Muc_60_Ca_Kiem_Thu!$B$5:$B$64, A5, Danh_Muc_60_Ca_Kiem_Thu!$F$5:$F$64, "Giá trị biên") | F5: =SUM(C5:E5)
A6: PERM | B6: Phân quyền theo vai trò (RBAC) | C6: =COUNTIFS(Danh_Muc_60_Ca_Kiem_Thu!$B$5:$B$64, A6, Danh_Muc_60_Ca_Kiem_Thu!$F$5:$F$64, "Luồng thuận") | D6: =COUNTIFS(Danh_Muc_60_Ca_Kiem_Thu!$B$5:$B$64, A6, Danh_Muc_60_Ca_Kiem_Thu!$F$5:$F$64, "Luồng ngoại lệ") | E6: =COUNTIFS(Danh_Muc_60_Ca_Kiem_Thu!$B$5:$B$64, A6, Danh_Muc_60_Ca_Kiem_Thu!$F$5:$F$64, "Giá trị biên") | F6: =SUM(C6:E6)
A7: CATL | B7: Danh mục, tìm kiếm, lọc, phân trang | C7: =COUNTIFS(Danh_Muc_60_Ca_Kiem_Thu!$B$5:$B$64, A7, Danh_Muc_60_Ca_Kiem_Thu!$F$5:$F$64, "Luồng thuận") | D7: =COUNTIFS(Danh_Muc_60_Ca_Kiem_Thu!$B$5:$B$64, A7, Danh_Muc_60_Ca_Kiem_Thu!$F$5:$F$64, "Luồng ngoại lệ") | E7: =COUNTIFS(Danh_Muc_60_Ca_Kiem_Thu!$B$5:$B$64, A7, Danh_Muc_60_Ca_Kiem_Thu!$F$5:$F$64, "Giá trị biên") | F7: =SUM(C7:E7)
A8: BOOK | B8: Đặt chỗ / Địa điểm & giữ chỗ có thời hạn | C8: =COUNTIFS(Danh_Muc_60_Ca_Kiem_Thu!$B$5:$B$64, A8, Danh_Muc_60_Ca_Kiem_Thu!$F$5:$F$64, "Luồng thuận") | D8: =COUNTIFS(Danh_Muc_60_Ca_Kiem_Thu!$B$5:$B$64, A8, Danh_Muc_60_Ca_Kiem_Thu!$F$5:$F$64, "Luồng ngoại lệ") | E8: =COUNTIFS(Danh_Muc_60_Ca_Kiem_Thu!$B$5:$B$64, A8, Danh_Muc_60_Ca_Kiem_Thu!$F$5:$F$64, "Giá trị biên") | F8: =SUM(C8:E8)
A9: PAY | B9: Thanh toán chế độ thử nghiệm (Sandbox) | C9: =COUNTIFS(Danh_Muc_60_Ca_Kiem_Thu!$B$5:$B$64, A9, Danh_Muc_60_Ca_Kiem_Thu!$F$5:$F$64, "Luồng thuận") | D9: =COUNTIFS(Danh_Muc_60_Ca_Kiem_Thu!$B$5:$B$64, A9, Danh_Muc_60_Ca_Kiem_Thu!$F$5:$F$64, "Luồng ngoại lệ") | E9: =COUNTIFS(Danh_Muc_60_Ca_Kiem_Thu!$B$5:$B$64, A9, Danh_Muc_60_Ca_Kiem_Thu!$F$5:$F$64, "Giá trị biên") | F9: =SUM(C9:E9)
A10: ORDR | B10: Quản lý đơn, hủy và hoàn tiền | C10: =COUNTIFS(Danh_Muc_60_Ca_Kiem_Thu!$B$5:$B$64, A10, Danh_Muc_60_Ca_Kiem_Thu!$F$5:$F$64, "Luồng thuận") | D10: =COUNTIFS(Danh_Muc_60_Ca_Kiem_Thu!$B$5:$B$64, A10, Danh_Muc_60_Ca_Kiem_Thu!$F$5:$F$64, "Luồng ngoại lệ") | E10: =COUNTIFS(Danh_Muc_60_Ca_Kiem_Thu!$B$5:$B$64, A10, Danh_Muc_60_Ca_Kiem_Thu!$F$5:$F$64, "Giá trị biên") | F10: =SUM(C10:E10)
A11: ADMN | B11: Quản trị, báo cáo, kết xuất | C11: =COUNTIFS(Danh_Muc_60_Ca_Kiem_Thu!$B$5:$B$64, A11, Danh_Muc_60_Ca_Kiem_Thu!$F$5:$F$64, "Luồng thuận") | D11: =COUNTIFS(Danh_Muc_60_Ca_Kiem_Thu!$B$5:$B$64, A11, Danh_Muc_60_Ca_Kiem_Thu!$F$5:$F$64, "Luồng ngoại lệ") | E11: =COUNTIFS(Danh_Muc_60_Ca_Kiem_Thu!$B$5:$B$64, A11, Danh_Muc_60_Ca_Kiem_Thu!$F$5:$F$64, "Giá trị biên") | F11: =SUM(C11:E11)
A12: PYMD | B12: Mô-đun Python: gợi ý & thống kê | C12: =COUNTIFS(Danh_Muc_60_Ca_Kiem_Thu!$B$5:$B$64, A12, Danh_Muc_60_Ca_Kiem_Thu!$F$5:$F$64, "Luồng thuận") | D12: =COUNTIFS(Danh_Muc_60_Ca_Kiem_Thu!$B$5:$B$64, A12, Danh_Muc_60_Ca_Kiem_Thu!$F$5:$F$64, "Luồng ngoại lệ") | E12: =COUNTIFS(Danh_Muc_60_Ca_Kiem_Thu!$B$5:$B$64, A12, Danh_Muc_60_Ca_Kiem_Thu!$F$5:$F$64, "Giá trị biên") | F12: =SUM(C12:E12)
A13: VALD | B13: Kiểm tra tính hợp lệ dữ liệu đầu vào | C13: =COUNTIFS(Danh_Muc_60_Ca_Kiem_Thu!$B$5:$B$64, A13, Danh_Muc_60_Ca_Kiem_Thu!$F$5:$F$64, "Luồng thuận") | D13: =COUNTIFS(Danh_Muc_60_Ca_Kiem_Thu!$B$5:$B$64, A13, Danh_Muc_60_Ca_Kiem_Thu!$F$5:$F$64, "Luồng ngoại lệ") | E13: =COUNTIFS(Danh_Muc_60_Ca_Kiem_Thu!$B$5:$B$64, A13, Danh_Muc_60_Ca_Kiem_Thu!$F$5:$F$64, "Giá trị biên") | F13: =SUM(C13:E13)
A14: TỔNG | B14: Toàn bộ hệ thống | C14: =SUM(C5:C13) | D14: =SUM(D5:D13) | E14: =SUM(E5:E13) | F14: =SUM(F5:F13)
